{
    "chart_id": "illnesslilin",
    "name": "iLLness LiLin",
    "formatted_name": "iLLness LiLin",
    "artist": "Kaneko Chiharu",
    "bpm_display": "280",
    "version": "9.9.9",
    "is_original": false,
    "is_published": true,
    "jacket_artist": "SDVX",
    "has_encore": true,
    "difficulty_constant_1": 0,
    "difficulty_display_1": "0",
    "note_designer_1": "N/A",
    "difficulty_constant_2": 0,
    "difficulty_display_2": "0",
    "note_designer_2": "N/A",
    "difficulty_constant_3": 0,
    "difficulty_display_3": "0",
    "note_designer_3": "N/A",
    "difficulty_constant_4": 18.5,
    "difficulty_display_4": "18",
    "note_designer_4": "McIron233",
    "unlock": {
        "type": 0,
        "enc_type": 0,
        "per_difficulty": false,
        "hidden": false,
        "hint": "",
        "enc_hint": ""
    }
}