{
  "chart_id": "xronier",
  "name": "Xronier",
  "formatted_name": "Xronier",
  "artist": "Camellia as fluX Xroise",
  "bpm_display": "234",
  "version": "9.9.9",
  "is_original": false,
  "is_published": true,
  "jacket_artist": "gunmu",
  "has_encore": true,
  "difficulty_constant_1": 0.0,
  "difficulty_display_1": "0",
  "note_designer_1": "N/A",
  "difficulty_constant_2": 0.0,
  "difficulty_display_2": "0",
  "note_designer_2": "N/A",
  "difficulty_constant_3": 0.0,
  "difficulty_display_3": "0",
  "note_designer_3": "N/A",
  "difficulty_constant_4": 18.1,
  "difficulty_display_4": "18",
  "note_designer_4": "Chaosbreaker as Scythe of Victory",
  "unlock": {
    "type": 0,
    "enc_type": 0,
    "per_difficulty": false,
    "hidden": false,
    "hint": "",
    "enc_hint": ""
  }
}